{"commits": [{"id": 6, "project_id": 1, "sha": "05681455d905586f940e0e00ed05f34266332ae9", "author": "LiamClark", "datetime": "2018-04-30 22:13:06+02:00"}, {"id": 7, "project_id": 1, "sha": "2434427914fa957f65617a9e794510f0c6ada9f9", "author": "LiamClark", "datetime": "2018-04-24 14:42:48+02:00"}, {"id": 8, "project_id": 1, "sha": "329f2d99132bdb73864636421a61f3b214cad9de", "author": "Arie van Deursen", "datetime": "2015-06-12 21:18:26+02:00"}, {"id": 4, "project_id": 1, "sha": "3515045347e1a7bec5619abb22293d5412114e29", "author": "Arie van Deursen", "datetime": "2014-04-22 14:25:35+02:00"}, {"id": 1, "project_id": 1, "sha": "43aac19db93e73646297dde14dbc2c3d7f167e9e", "author": "Arie van Deursen", "datetime": "2017-04-11 20:34:17+02:00"}, {"id": 5, "project_id": 1, "sha": "6f703ade639d7d2c9a4152e748ad5696595f5226", "author": "Arie van Deursen", "datetime": "2019-01-04 22:58:46+01:00"}, {"id": 3, "project_id": 1, "sha": "84be68a2f5c4aaf3614e5dbcd2fb31add63642c1", "author": "Arie van Deursen", "datetime": "2016-04-18 21:54:39+02:00"}, {"id": 9, "project_id": 1, "sha": "91ffe53df0122fced47d24a178e5dc14d751fda3", "author": "Arie van Deursen", "datetime": "2015-04-02 22:04:40+02:00"}, {"id": 2, "project_id": 1, "sha": "c4d152defd3cdb97c2733c9e362b6cba66802c40", "author": "Arie van Deursen", "datetime": "2015-04-18 13:46:30+02:00"}, {"id": 10, "project_id": 1, "sha": "d9ef199afe49c5488856c1355cd0fe9f674fa219", "author": "Arie van Deursen", "datetime": "2015-04-02 21:49:35+02:00"}]}