{"methods": [{"id": 178, "project_id": 1, "method_name": "refresh", "method_decl": "void refresh()", "class_name": "ScorePanel", "package_name": "nl.tudelft.jpacman.ui", "file_path": "/src/main/java/nl/tudelft/jpacman/ui/ScorePanel.java"}, {"id": 32, "project_id": 1, "method_name": "format", "method_decl": "String format(Player)", "class_name": "ScorePanel", "package_name": "nl.tudelft.jpacman.ui", "file_path": "/src/main/java/nl/tudelft/jpacman/ui/ScorePanel.java"}, {"id": 16, "project_id": 1, "method_name": "setScoreFormatter", "method_decl": "void setScoreFormatter(ScoreFormatter)", "class_name": "ScoreFormatter", "package_name": "nl.tudelft.jpacman.ui", "file_path": "/src/main/java/nl/tudelft/jpacman/ui/ScorePanel.java"}, {"id": 114, "project_id": 1, "method_name": "format", "method_decl": "String format(Player)", "class_name": "ScoreFormatter", "package_name": "nl.tudelft.jpacman.ui", "file_path": "/src/main/java/nl/tudelft/jpacman/ui/ScorePanel.java"}, {"id": 9, "project_id": 1, "method_name": "doAction", "method_decl": "void doAction()", "class_name": "PacManUiBuilder", "package_name": "nl.tudelft.jpacman.ui", "file_path": "/src/main/java/nl/tudelft/jpacman/ui/PacManUiBuilder.java"}, {"id": 24, "project_id": 1, "method_name": "addStopButton", "method_decl": "void addStopButton(Game)", "class_name": "PacManUiBuilder", "package_name": "nl.tudelft.jpacman.ui", "file_path": "/src/main/java/nl/tudelft/jpacman/ui/PacManUiBuilder.java"}, {"id": 98, "project_id": 1, "method_name": "addStartButton", "method_decl": "void addStartButton(Game)", "class_name": "PacManUiBuilder", "package_name": "nl.tudelft.jpacman.ui", "file_path": "/src/main/java/nl/tudelft/jpacman/ui/PacManUiBuilder.java"}, {"id": 65, "project_id": 1, "method_name": "withScoreFormatter", "method_decl": "PacManUiBuilder withScoreFormatter(ScoreFormatter)", "class_name": "PacManUiBuilder", "package_name": "nl.tudelft.jpacman.ui", "file_path": "/src/main/java/nl/tudelft/jpacman/ui/PacManUiBuilder.java"}, {"id": 35, "project_id": 1, "method_name": "withDefaultButtons", "method_decl": "PacManUiBuilder withDefaultButtons()", "class_name": "PacManUiBuilder", "package_name": "nl.tudelft.jpacman.ui", "file_path": "/src/main/java/nl/tudelft/jpacman/ui/PacManUiBuilder.java"}, {"id": 74, "project_id": 1, "method_name": "addKey", "method_decl": "PacManUiBuilder addKey(Integer, Action)", "class_name": "PacManUiBuilder", "package_name": "nl.tudelft.jpacman.ui", "file_path": "/src/main/java/nl/tudelft/jpacman/ui/PacManUiBuilder.java"}, {"id": 52, "project_id": 1, "method_name": "addButton", "method_decl": "PacManUiBuilder addButton(String, Action)", "class_name": "PacManUiBuilder", "package_name": "nl.tudelft.jpacman.ui", "file_path": "/src/main/java/nl/tudelft/jpacman/ui/PacManUiBuilder.java"}, {"id": 122, "project_id": 1, "method_name": "build", "method_decl": "PacManUI build(Game)", "class_name": "PacManUiBuilder", "package_name": "nl.tudelft.jpacman.ui", "file_path": "/src/main/java/nl/tudelft/jpacman/ui/PacManUiBuilder.java"}, {"id": 96, "project_id": 1, "method_name": "start", "method_decl": "void start()", "class_name": "PacManUI", "package_name": "nl.tudelft.jpacman.ui", "file_path": "/src/main/java/nl/tudelft/jpacman/ui/PacManUI.java"}, {"id": 57, "project_id": 1, "method_name": "run", "method_decl": "void run()", "class_name": "PacManUI", "package_name": "nl.tudelft.jpacman.ui", "file_path": "/src/main/java/nl/tudelft/jpacman/ui/PacManUI.java"}, {"id": 152, "project_id": 1, "method_name": "nextFrame", "method_decl": "void nextFrame()", "class_name": "PacManUI", "package_name": "nl.tudelft.jpacman.ui", "file_path": "/src/main/java/nl/tudelft/jpacman/ui/PacManUI.java"}, {"id": 115, "project_id": 1, "method_name": "keyTyped", "method_decl": "void keyTyped(KeyEvent)", "class_name": "PacKeyListener", "package_name": "nl.tudelft.jpacman.ui", "file_path": "/src/main/java/nl/tudelft/jpacman/ui/PacKeyListener.java"}, {"id": 143, "project_id": 1, "method_name": "keyReleased", "method_decl": "void keyReleased(KeyEvent)", "class_name": "PacKeyListener", "package_name": "nl.tudelft.jpacman.ui", "file_path": "/src/main/java/nl/tudelft/jpacman/ui/PacKeyListener.java"}, {"id": 116, "project_id": 1, "method_name": "keyPressed", "method_decl": "void keyPressed(KeyEvent)", "class_name": "PacKeyListener", "package_name": "nl.tudelft.jpacman.ui", "file_path": "/src/main/java/nl/tudelft/jpacman/ui/PacKeyListener.java"}, {"id": 34, "project_id": 1, "method_name": "actionPerformed", "method_decl": "void actionPerformed(ActionEvent)", "class_name": "ButtonPanel", "package_name": "nl.tudelft.jpacman.ui", "file_path": "/src/main/java/nl/tudelft/jpacman/ui/ButtonPanel.java"}, {"id": 2, "project_id": 1, "method_name": "render", "method_decl": "void render(Square, Graphics, int, int, int, int)", "class_name": "BoardPanel", "package_name": "nl.tudelft.jpacman.ui", "file_path": "/src/main/java/nl/tudelft/jpacman/ui/BoardPanel.java"}, {"id": 126, "project_id": 1, "method_name": "render", "method_decl": "void render(Board, Graphics, Dimension)", "class_name": "BoardPanel", "package_name": "nl.tudelft.jpacman.ui", "file_path": "/src/main/java/nl/tudelft/jpacman/ui/BoardPanel.java"}, {"id": 3, "project_id": 1, "method_name": "paint", "method_decl": "void paint(Graphics)", "class_name": "BoardPanel", "package_name": "nl.tudelft.jpacman.ui", "file_path": "/src/main/java/nl/tudelft/jpacman/ui/BoardPanel.java"}, {"id": 45, "project_id": 1, "method_name": "doAction", "method_decl": "void doAction()", "class_name": "Action", "package_name": "nl.tudelft.jpacman.ui", "file_path": "/src/main/java/nl/tudelft/jpacman/ui/Action.java"}, {"id": 188, "project_id": 1, "method_name": "loadSpriteFromResource", "method_decl": "Sprite loadSpriteFromResource(String)", "class_name": "SpriteStore", "package_name": "nl.tudelft.jpacman.sprite", "file_path": "/src/main/java/nl/tudelft/jpacman/sprite/SpriteStore.java"}, {"id": 77, "project_id": 1, "method_name": "loadSprite", "method_decl": "Sprite loadSprite(String)", "class_name": "SpriteStore", "package_name": "nl.tudelft.jpacman.sprite", "file_path": "/src/main/java/nl/tudelft/jpacman/sprite/SpriteStore.java"}, {"id": 180, "project_id": 1, "method_name": "createAnimatedSprite", "method_decl": "AnimatedSprite createAnimatedSprite(Sprite, int, int, boolean)", "class_name": "SpriteStore", "package_name": "nl.tudelft.jpacman.sprite", "file_path": "/src/main/java/nl/tudelft/jpacman/sprite/SpriteStore.java"}, {"id": 78, "project_id": 1, "method_name": "draw", "method_decl": "void draw(Graphics, int, int, int, int)", "class_name": "Sprite", "package_name": "nl.tudelft.jpacman.sprite", "file_path": "/src/main/java/nl/tudelft/jpacman/sprite/Sprite.java"}, {"id": 145, "project_id": 1, "method_name": "getWidth", "method_decl": "int getWidth()", "class_name": "Sprite", "package_name": "nl.tudelft.jpacman.sprite", "file_path": "/src/main/java/nl/tudelft/jpacman/sprite/Sprite.java"}, {"id": 171, "project_id": 1, "method_name": "getHeight", "method_decl": "int getHeight()", "class_name": "Sprite", "package_name": "nl.tudelft.jpacman.sprite", "file_path": "/src/main/java/nl/tudelft/jpacman/sprite/Sprite.java"}, {"id": 157, "project_id": 1, "method_name": "split", "method_decl": "Sprite split(int, int, int, int)", "class_name": "Sprite", "package_name": "nl.tudelft.jpacman.sprite", "file_path": "/src/main/java/nl/tudelft/jpacman/sprite/Sprite.java"}, {"id": 28, "project_id": 1, "method_name": "loadSprite", "method_decl": "Sprite loadSprite(String)", "class_name": "PacManSprites", "package_name": "nl.tudelft.jpacman.sprite", "file_path": "/src/main/java/nl/tudelft/jpacman/sprite/PacManSprites.java"}, {"id": 107, "project_id": 1, "method_name": "getWallSprite", "method_decl": "Sprite getWallSprite()", "class_name": "PacManSprites", "package_name": "nl.tudelft.jpacman.sprite", "file_path": "/src/main/java/nl/tudelft/jpacman/sprite/PacManSprites.java"}, {"id": 117, "project_id": 1, "method_name": "getPelletSprite", "method_decl": "Sprite getPelletSprite()", "class_name": "PacManSprites", "package_name": "nl.tudelft.jpacman.sprite", "file_path": "/src/main/java/nl/tudelft/jpacman/sprite/PacManSprites.java"}, {"id": 159, "project_id": 1, "method_name": "getGroundSprite", "method_decl": "Sprite getGroundSprite()", "class_name": "PacManSprites", "package_name": "nl.tudelft.jpacman.sprite", "file_path": "/src/main/java/nl/tudelft/jpacman/sprite/PacManSprites.java"}, {"id": 105, "project_id": 1, "method_name": "getPacmanSprites", "method_decl": "Map<Direction, Sprite> getPacmanSprites()", "class_name": "PacManSprites", "package_name": "nl.tudelft.jpacman.sprite", "file_path": "/src/main/java/nl/tudelft/jpacman/sprite/PacManSprites.java"}, {"id": 4, "project_id": 1, "method_name": "getGhostSprite", "method_decl": "Map<Direction, Sprite> getGhostSprite(GhostColor)", "class_name": "PacManSprites", "package_name": "nl.tudelft.jpacman.sprite", "file_path": "/src/main/java/nl/tudelft/jpacman/sprite/PacManSprites.java"}, {"id": 112, "project_id": 1, "method_name": "directionSprite", "method_decl": "Map<Direction, Sprite> directionSprite(String, int)", "class_name": "PacManSprites", "package_name": "nl.tudelft.jpacman.sprite", "file_path": "/src/main/java/nl/tudelft/jpacman/sprite/PacManSprites.java"}, {"id": 160, "project_id": 1, "method_name": "getPacManDeathAnimation", "method_decl": "AnimatedSprite getPacManDeathAnimation()", "class_name": "PacManSprites", "package_name": "nl.tudelft.jpacman.sprite", "file_path": "/src/main/java/nl/tudelft/jpacman/sprite/PacManSprites.java"}, {"id": 64, "project_id": 1, "method_name": "draw", "method_decl": "void draw(Graphics, int, int, int, int)", "class_name": "ImageSprite", "package_name": "nl.tudelft.jpacman.sprite", "file_path": "/src/main/java/nl/tudelft/jpacman/sprite/ImageSprite.java"}, {"id": 123, "project_id": 1, "method_name": "getWidth", "method_decl": "int getWidth()", "class_name": "ImageSprite", "package_name": "nl.tudelft.jpacman.sprite", "file_path": "/src/main/java/nl/tudelft/jpacman/sprite/ImageSprite.java"}, {"id": 187, "project_id": 1, "method_name": "getHeight", "method_decl": "int getHeight()", "class_name": "ImageSprite", "package_name": "nl.tudelft.jpacman.sprite", "file_path": "/src/main/java/nl/tudelft/jpacman/sprite/ImageSprite.java"}, {"id": 127, "project_id": 1, "method_name": "withinImage", "method_decl": "boolean withinImage(int, int)", "class_name": "ImageSprite", "package_name": "nl.tudelft.jpacman.sprite", "file_path": "/src/main/java/nl/tudelft/jpacman/sprite/ImageSprite.java"}, {"id": 183, "project_id": 1, "method_name": "split", "method_decl": "Sprite split(int, int, int, int)", "class_name": "ImageSprite", "package_name": "nl.tudelft.jpacman.sprite", "file_path": "/src/main/java/nl/tudelft/jpacman/sprite/ImageSprite.java"}, {"id": 133, "project_id": 1, "method_name": "newImage", "method_decl": "BufferedImage newImage(int, int)", "class_name": "ImageSprite", "package_name": "nl.tudelft.jpacman.sprite", "file_path": "/src/main/java/nl/tudelft/jpacman/sprite/ImageSprite.java"}, {"id": 139, "project_id": 1, "method_name": "draw", "method_decl": "void draw(Graphics, int, int, int, int)", "class_name": "EmptySprite", "package_name": "nl.tudelft.jpacman.sprite", "file_path": "/src/main/java/nl/tudelft/jpacman/sprite/EmptySprite.java"}, {"id": 186, "project_id": 1, "method_name": "getWidth", "method_decl": "int getWidth()", "class_name": "EmptySprite", "package_name": "nl.tudelft.jpacman.sprite", "file_path": "/src/main/java/nl/tudelft/jpacman/sprite/EmptySprite.java"}, {"id": 121, "project_id": 1, "method_name": "getHeight", "method_decl": "int getHeight()", "class_name": "EmptySprite", "package_name": "nl.tudelft.jpacman.sprite", "file_path": "/src/main/java/nl/tudelft/jpacman/sprite/EmptySprite.java"}, {"id": 119, "project_id": 1, "method_name": "split", "method_decl": "Sprite split(int, int, int, int)", "class_name": "EmptySprite", "package_name": "nl.tudelft.jpacman.sprite", "file_path": "/src/main/java/nl/tudelft/jpacman/sprite/EmptySprite.java"}, {"id": 134, "project_id": 1, "method_name": "update", "method_decl": "void update()", "class_name": "AnimatedSprite", "package_name": "nl.tudelft.jpacman.sprite", "file_path": "/src/main/java/nl/tudelft/jpacman/sprite/AnimatedSprite.java"}, {"id": 85, "project_id": 1, "method_name": "setAnimating", "method_decl": "void setAnimating(boolean)", "class_name": "AnimatedSprite", "package_name": "nl.tudelft.jpacman.sprite", "file_path": "/src/main/java/nl/tudelft/jpacman/sprite/AnimatedSprite.java"}, {"id": 176, "project_id": 1, "method_name": "restart", "method_decl": "void restart()", "class_name": "AnimatedSprite", "package_name": "nl.tudelft.jpacman.sprite", "file_path": "/src/main/java/nl/tudelft/jpacman/sprite/AnimatedSprite.java"}, {"id": 33, "project_id": 1, "method_name": "draw", "method_decl": "void draw(Graphics, int, int, int, int)", "class_name": "AnimatedSprite", "package_name": "nl.tudelft.jpacman.sprite", "file_path": "/src/main/java/nl/tudelft/jpacman/sprite/AnimatedSprite.java"}, {"id": 5, "project_id": 1, "method_name": "getWidth", "method_decl": "int getWidth()", "class_name": "AnimatedSprite", "package_name": "nl.tudelft.jpacman.sprite", "file_path": "/src/main/java/nl/tudelft/jpacman/sprite/AnimatedSprite.java"}, {"id": 13, "project_id": 1, "method_name": "getHeight", "method_decl": "int getHeight()", "class_name": "AnimatedSprite", "package_name": "nl.tudelft.jpacman.sprite", "file_path": "/src/main/java/nl/tudelft/jpacman/sprite/AnimatedSprite.java"}, {"id": 7, "project_id": 1, "method_name": "split", "method_decl": "Sprite split(int, int, int, int)", "class_name": "AnimatedSprite", "package_name": "nl.tudelft.jpacman.sprite", "file_path": "/src/main/java/nl/tudelft/jpacman/sprite/AnimatedSprite.java"}, {"id": 36, "project_id": 1, "method_name": "currentSprite", "method_decl": "Sprite currentSprite()", "class_name": "AnimatedSprite", "package_name": "nl.tudelft.jpacman.sprite", "file_path": "/src/main/java/nl/tudelft/jpacman/sprite/AnimatedSprite.java"}, {"id": 202, "project_id": 1, "method_name": "getInterval", "method_decl": "long getInterval()", "class_name": "Pinky", "package_name": "nl.tudelft.jpacman.npc.ghost", "file_path": "/src/main/java/nl/tudelft/jpacman/npc/ghost/Pinky.java"}, {"id": 212, "project_id": 1, "method_name": "nextAiMove", "method_decl": "Optional<Direction> nextAiMove()", "class_name": "Pinky", "package_name": "nl.tudelft.jpacman.npc.ghost", "file_path": "/src/main/java/nl/tudelft/jpacman/npc/ghost/Pinky.java"}, {"id": 48, "project_id": 1, "method_name": "nextMove", "method_decl": "Direction nextMove()", "class_name": "Pinky", "package_name": "nl.tudelft.jpacman.npc.ghost", "file_path": "/src/main/java/nl/tudelft/jpacman/npc/ghost/Pinky.java"}, {"id": 83, "project_id": 1, "method_name": "getSquare", "method_decl": "Square getSquare()", "class_name": "Node", "package_name": "nl.tudelft.jpacman.npc.ghost", "file_path": "/src/main/java/nl/tudelft/jpacman/npc/ghost/Navigation.java"}, {"id": 166, "project_id": 1, "method_name": "getParent", "method_decl": "Node getParent()", "class_name": "Node", "package_name": "nl.tudelft.jpacman.npc.ghost", "file_path": "/src/main/java/nl/tudelft/jpacman/npc/ghost/Navigation.java"}, {"id": 44, "project_id": 1, "method_name": "getPath", "method_decl": "List<Direction> getPath()", "class_name": "Node", "package_name": "nl.tudelft.jpacman.npc.ghost", "file_path": "/src/main/java/nl/tudelft/jpacman/npc/ghost/Navigation.java"}, {"id": 27, "project_id": 1, "method_name": "getDirection", "method_decl": "Direction getDirection()", "class_name": "Node", "package_name": "nl.tudelft.jpacman.npc.ghost", "file_path": "/src/main/java/nl/tudelft/jpacman/npc/ghost/Navigation.java"}, {"id": 72, "project_id": 1, "method_name": "addNewTargets", "method_decl": "void addNewTargets(Unit, List<Node>, Set<Square>, Node, Square)", "class_name": "Navigation", "package_name": "nl.tudelft.jpacman.npc.ghost", "file_path": "/src/main/java/nl/tudelft/jpacman/npc/ghost/Navigation.java"}, {"id": 37, "project_id": 1, "method_name": "findUnit", "method_decl": "Unit findUnit(Class<? extends Unit>, Square)", "class_name": "Navigation", "package_name": "nl.tudelft.jpacman.npc.ghost", "file_path": "/src/main/java/nl/tudelft/jpacman/npc/ghost/Navigation.java"}, {"id": 92, "project_id": 1, "method_name": "findNearest", "method_decl": "Unit findNearest(Class<? extends Unit>, Square)", "class_name": "Navigation", "package_name": "nl.tudelft.jpacman.npc.ghost", "file_path": "/src/main/java/nl/tudelft/jpacman/npc/ghost/Navigation.java"}, {"id": 207, "project_id": 1, "method_name": "findUnitInBoard", "method_decl": "T findUnitInBoard(Class<T>, Board)", "class_name": "Navigation", "package_name": "nl.tudelft.jpacman.npc.ghost", "file_path": "/src/main/java/nl/tudelft/jpacman/npc/ghost/Navigation.java"}, {"id": 218, "project_id": 1, "method_name": "findUnit", "method_decl": "T findUnit(Class<T>, Square)", "class_name": "Navigation", "package_name": "nl.tudelft.jpacman.npc.ghost", "file_path": "/src/main/java/nl/tudelft/jpacman/npc/ghost/Navigation.java"}, {"id": 228, "project_id": 1, "method_name": "findUnit", "method_decl": "T findUnit(Class<? extends Unit>, Square)", "class_name": "Navigation", "package_name": "nl.tudelft.jpacman.npc.ghost", "file_path": "/src/main/java/nl/tudelft/jpacman/npc/ghost/Navigation.java"}, {"id": 66, "project_id": 1, "method_name": "shortestPath", "method_decl": "List<Direction> shortestPath(Square, Square, Unit)", "class_name": "Navigation", "package_name": "nl.tudelft.jpacman.npc.ghost", "file_path": "/src/main/java/nl/tudelft/jpacman/npc/ghost/Navigation.java"}, {"id": 200, "project_id": 1, "method_name": "getInterval", "method_decl": "long getInterval()", "class_name": "Inky", "package_name": "nl.tudelft.jpacman.npc.ghost", "file_path": "/src/main/java/nl/tudelft/jpacman/npc/ghost/Inky.java"}, {"id": 226, "project_id": 1, "method_name": "followPath", "method_decl": "Square followPath(List<Direction>, Square)", "class_name": "Inky", "package_name": "nl.tudelft.jpacman.npc.ghost", "file_path": "/src/main/java/nl/tudelft/jpacman/npc/ghost/Inky.java"}, {"id": 221, "project_id": 1, "method_name": "nextAiMove", "method_decl": "Optional<Direction> nextAiMove()", "class_name": "Inky", "package_name": "nl.tudelft.jpacman.npc.ghost", "file_path": "/src/main/java/nl/tudelft/jpacman/npc/ghost/Inky.java"}, {"id": 76, "project_id": 1, "method_name": "nextMove", "method_decl": "Direction nextMove()", "class_name": "Inky", "package_name": "nl.tudelft.jpacman.npc.ghost", "file_path": "/src/main/java/nl/tudelft/jpacman/npc/ghost/Inky.java"}, {"id": 190, "project_id": 1, "method_name": "createPinky", "method_decl": "Ghost createPinky()", "class_name": "GhostFactory", "package_name": "nl.tudelft.jpacman.npc.ghost", "file_path": "/src/main/java/nl/tudelft/jpacman/npc/ghost/GhostFactory.java"}, {"id": 20, "project_id": 1, "method_name": "createInky", "method_decl": "Ghost createInky()", "class_name": "GhostFactory", "package_name": "nl.tudelft.jpacman.npc.ghost", "file_path": "/src/main/java/nl/tudelft/jpacman/npc/ghost/GhostFactory.java"}, {"id": 132, "project_id": 1, "method_name": "createClyde", "method_decl": "Ghost createClyde()", "class_name": "GhostFactory", "package_name": "nl.tudelft.jpacman.npc.ghost", "file_path": "/src/main/java/nl/tudelft/jpacman/npc/ghost/GhostFactory.java"}, {"id": 118, "project_id": 1, "method_name": "createBlinky", "method_decl": "Ghost createBlinky()", "class_name": "GhostFactory", "package_name": "nl.tudelft.jpacman.npc.ghost", "file_path": "/src/main/java/nl/tudelft/jpacman/npc/ghost/GhostFactory.java"}, {"id": 138, "project_id": 1, "method_name": "getInterval", "method_decl": "long getInterval()", "class_name": "Ghost", "package_name": "nl.tudelft.jpacman.npc.ghost", "file_path": "/src/main/java/nl/tudelft/jpacman/npc/ghost/Ghost.java"}, {"id": 172, "project_id": 1, "method_name": "getSprite", "method_decl": "Sprite getSprite()", "class_name": "Ghost", "package_name": "nl.tudelft.jpacman.npc.ghost", "file_path": "/src/main/java/nl/tudelft/jpacman/npc/ghost/Ghost.java"}, {"id": 15, "project_id": 1, "method_name": "randomMove", "method_decl": "Direction randomMove()", "class_name": "Ghost", "package_name": "nl.tudelft.jpacman.npc.ghost", "file_path": "/src/main/java/nl/tudelft/jpacman/npc/ghost/Ghost.java"}, {"id": 197, "project_id": 1, "method_name": "getInterval", "method_decl": "long getInterval()", "class_name": "Clyde", "package_name": "nl.tudelft.jpacman.npc.ghost", "file_path": "/src/main/java/nl/tudelft/jpacman/npc/ghost/Clyde.java"}, {"id": 206, "project_id": 1, "method_name": "nextAiMove", "method_decl": "Optional<Direction> nextAiMove()", "class_name": "Clyde", "package_name": "nl.tudelft.jpacman.npc.ghost", "file_path": "/src/main/java/nl/tudelft/jpacman/npc/ghost/Clyde.java"}, {"id": 153, "project_id": 1, "method_name": "nextMove", "method_decl": "Direction nextMove()", "class_name": "Clyde", "package_name": "nl.tudelft.jpacman.npc.ghost", "file_path": "/src/main/java/nl/tudelft/jpacman/npc/ghost/Clyde.java"}, {"id": 196, "project_id": 1, "method_name": "getInterval", "method_decl": "long getInterval()", "class_name": "Blinky", "package_name": "nl.tudelft.jpacman.npc.ghost", "file_path": "/src/main/java/nl/tudelft/jpacman/npc/ghost/Blinky.java"}, {"id": 203, "project_id": 1, "method_name": "nextAiMove", "method_decl": "Optional<Direction> nextAiMove()", "class_name": "Blinky", "package_name": "nl.tudelft.jpacman.npc.ghost", "file_path": "/src/main/java/nl/tudelft/jpacman/npc/ghost/Blinky.java"}, {"id": 177, "project_id": 1, "method_name": "nextMove", "method_decl": "Direction nextMove()", "class_name": "Blinky", "package_name": "nl.tudelft.jpacman.npc.ghost", "file_path": "/src/main/java/nl/tudelft/jpacman/npc/ghost/Blinky.java"}, {"id": 100, "project_id": 1, "method_name": "getInterval", "method_decl": "long getInterval()", "class_name": "NPC", "package_name": "nl.tudelft.jpacman.npc", "file_path": "/src/main/java/nl/tudelft/jpacman/npc/NPC.java"}, {"id": 8, "project_id": 1, "method_name": "nextMove", "method_decl": "Direction nextMove()", "class_name": "NPC", "package_name": "nl.tudelft.jpacman.npc", "file_path": "/src/main/java/nl/tudelft/jpacman/npc/NPC.java"}, {"id": 225, "project_id": 1, "method_name": "getInterval", "method_decl": "long getInterval()", "class_name": "Ghost", "package_name": "nl.tudelft.jpacman.npc", "file_path": "/src/main/java/nl/tudelft/jpacman/npc/Ghost.java"}, {"id": 219, "project_id": 1, "method_name": "getSprite", "method_decl": "Sprite getSprite()", "class_name": "Ghost", "package_name": "nl.tudelft.jpacman.npc", "file_path": "/src/main/java/nl/tudelft/jpacman/npc/Ghost.java"}, {"id": 216, "project_id": 1, "method_name": "nextAiMove", "method_decl": "Optional<Direction> nextAiMove()", "class_name": "Ghost", "package_name": "nl.tudelft.jpacman.npc", "file_path": "/src/main/java/nl/tudelft/jpacman/npc/Ghost.java"}, {"id": 213, "project_id": 1, "method_name": "randomMove", "method_decl": "Direction randomMove()", "class_name": "Ghost", "package_name": "nl.tudelft.jpacman.npc", "file_path": "/src/main/java/nl/tudelft/jpacman/npc/Ghost.java"}, {"id": 205, "project_id": 1, "method_name": "nextMove", "method_decl": "Direction nextMove()", "class_name": "Ghost", "package_name": "nl.tudelft.jpacman.npc", "file_path": "/src/main/java/nl/tudelft/jpacman/npc/Ghost.java"}, {"id": 140, "project_id": 1, "method_name": "createPacMan", "method_decl": "Player createPacMan()", "class_name": "PlayerFactory", "package_name": "nl.tudelft.jpacman.level", "file_path": "/src/main/java/nl/tudelft/jpacman/level/PlayerFactory.java"}, {"id": 101, "project_id": 1, "method_name": "getSprites", "method_decl": "PacManSprites getSprites()", "class_name": "PlayerFactory", "package_name": "nl.tudelft.jpacman.level", "file_path": "/src/main/java/nl/tudelft/jpacman/level/PlayerFactory.java"}, {"id": 71, "project_id": 1, "method_name": "playerVersusPellet", "method_decl": "void playerVersusPellet(Player, Pellet)", "class_name": "PlayerCollisions", "package_name": "nl.tudelft.jpacman.level", "file_path": "/src/main/java/nl/tudelft/jpacman/level/PlayerCollisions.java"}, {"id": 169, "project_id": 1, "method_name": "playerVersusGhost", "method_decl": "void playerVersusGhost(Player, Ghost)", "class_name": "PlayerCollisions", "package_name": "nl.tudelft.jpacman.level", "file_path": "/src/main/java/nl/tudelft/jpacman/level/PlayerCollisions.java"}, {"id": 22, "project_id": 1, "method_name": "playerColliding", "method_decl": "void playerColliding(Player, Unit)", "class_name": "PlayerCollisions", "package_name": "nl.tudelft.jpacman.level", "file_path": "/src/main/java/nl/tudelft/jpacman/level/PlayerCollisions.java"}, {"id": 156, "project_id": 1, "method_name": "pelletColliding", "method_decl": "void pelletColliding(Pellet, Unit)", "class_name": "PlayerCollisions", "package_name": "nl.tudelft.jpacman.level", "file_path": "/src/main/java/nl/tudelft/jpacman/level/PlayerCollisions.java"}, {"id": 147, "project_id": 1, "method_name": "ghostColliding", "method_decl": "void ghostColliding(Ghost, Unit)", "class_name": "PlayerCollisions", "package_name": "nl.tudelft.jpacman.level", "file_path": "/src/main/java/nl/tudelft/jpacman/level/PlayerCollisions.java"}, {"id": 103, "project_id": 1, "method_name": "collide", "method_decl": "void collide(Unit, Unit)", "class_name": "PlayerCollisions", "package_name": "nl.tudelft.jpacman.level", "file_path": "/src/main/java/nl/tudelft/jpacman/level/PlayerCollisions.java"}, {"id": 189, "project_id": 1, "method_name": "setAlive", "method_decl": "void setAlive(boolean)", "class_name": "Player", "package_name": "nl.tudelft.jpacman.level", "file_path": "/src/main/java/nl/tudelft/jpacman/level/Player.java"}, {"id": 179, "project_id": 1, "method_name": "addPoints", "method_decl": "void addPoints(int)", "class_name": "Player", "package_name": "nl.tudelft.jpacman.level", "file_path": "/src/main/java/nl/tudelft/jpacman/level/Player.java"}, {"id": 55, "project_id": 1, "method_name": "getScore", "method_decl": "int getScore()", "class_name": "Player", "package_name": "nl.tudelft.jpacman.level", "file_path": "/src/main/java/nl/tudelft/jpacman/level/Player.java"}, {"id": 144, "project_id": 1, "method_name": "isAlive", "method_decl": "boolean isAlive()", "class_name": "Player", "package_name": "nl.tudelft.jpacman.level", "file_path": "/src/main/java/nl/tudelft/jpacman/level/Player.java"}, {"id": 146, "project_id": 1, "method_name": "getSprite", "method_decl": "Sprite getSprite()", "class_name": "Player", "package_name": "nl.tudelft.jpacman.level", "file_path": "/src/main/java/nl/tudelft/jpacman/level/Player.java"}, {"id": 151, "project_id": 1, "method_name": "getValue", "method_decl": "int getValue()", "class_name": "Pellet", "package_name": "nl.tudelft.jpacman.level", "file_path": "/src/main/java/nl/tudelft/jpacman/level/Pellet.java"}, {"id": 136, "project_id": 1, "method_name": "getSprite", "method_decl": "Sprite getSprite()", "class_name": "Pellet", "package_name": "nl.tudelft.jpacman.level", "file_path": "/src/main/java/nl/tudelft/jpacman/level/Pellet.java"}, {"id": 155, "project_id": 1, "method_name": "makeGrid", "method_decl": "void makeGrid(char[][], int, int, Square[][], List<NPC>, List<Square>)", "class_name": "MapParser", "package_name": "nl.tudelft.jpacman.level", "file_path": "/src/main/java/nl/tudelft/jpacman/level/MapParser.java"}, {"id": 208, "project_id": 1, "method_name": "makeGrid", "method_decl": "void makeGrid(char[][], int, int, Square[][], List<Ghost>, List<Square>)", "class_name": "MapParser", "package_name": "nl.tudelft.jpacman.level", "file_path": "/src/main/java/nl/tudelft/jpacman/level/MapParser.java"}, {"id": 128, "project_id": 1, "method_name": "checkMapFormat", "method_decl": "void checkMapFormat(List<String>)", "class_name": "MapParser", "package_name": "nl.tudelft.jpacman.level", "file_path": "/src/main/java/nl/tudelft/jpacman/level/MapParser.java"}, {"id": 61, "project_id": 1, "method_name": "addSquare", "method_decl": "void addSquare(Square[][], List<NPC>, List<Square>, int, int, char)", "class_name": "MapParser", "package_name": "nl.tudelft.jpacman.level", "file_path": "/src/main/java/nl/tudelft/jpacman/level/MapParser.java"}, {"id": 209, "project_id": 1, "method_name": "addSquare", "method_decl": "void addSquare(Square[][], List<Ghost>, List<Square>, int, int, char)", "class_name": "MapParser", "package_name": "nl.tudelft.jpacman.level", "file_path": "/src/main/java/nl/tudelft/jpacman/level/MapParser.java"}, {"id": 185, "project_id": 1, "method_name": "makeGhostSquare", "method_decl": "Square makeGhostSquare(List<NPC>)", "class_name": "MapParser", "package_name": "nl.tudelft.jpacman.level", "file_path": "/src/main/java/nl/tudelft/jpacman/level/MapParser.java"}, {"id": 214, "project_id": 1, "method_name": "makeGhostSquare", "method_decl": "Square makeGhostSquare(List<Ghost>, Ghost)", "class_name": "MapParser", "package_name": "nl.tudelft.jpacman.level", "file_path": "/src/main/java/nl/tudelft/jpacman/level/MapParser.java"}, {"id": 227, "project_id": 1, "method_name": "makeGhostSquare", "method_decl": "Square makeGhostSquare(List<Ghost>)", "class_name": "MapParser", "package_name": "nl.tudelft.jpacman.level", "file_path": "/src/main/java/nl/tudelft/jpacman/level/MapParser.java"}, {"id": 68, "project_id": 1, "method_name": "parseMap", "method_decl": "Level parseMap(char[][])", "class_name": "MapParser", "package_name": "nl.tudelft.jpacman.level", "file_path": "/src/main/java/nl/tudelft/jpacman/level/MapParser.java"}, {"id": 210, "project_id": 1, "method_name": "parseMap", "method_decl": "Level parseMap(String)", "class_name": "MapParser", "package_name": "nl.tudelft.jpacman.level", "file_path": "/src/main/java/nl/tudelft/jpacman/level/MapParser.java"}, {"id": 164, "project_id": 1, "method_name": "parseMap", "method_decl": "Level parseMap(List<String>)", "class_name": "MapParser", "package_name": "nl.tudelft.jpacman.level", "file_path": "/src/main/java/nl/tudelft/jpacman/level/MapParser.java"}, {"id": 14, "project_id": 1, "method_name": "parseMap", "method_decl": "Level parseMap(InputStream)", "class_name": "MapParser", "package_name": "nl.tudelft.jpacman.level", "file_path": "/src/main/java/nl/tudelft/jpacman/level/MapParser.java"}, {"id": 224, "project_id": 1, "method_name": "getBoardCreator", "method_decl": "BoardFactory getBoardCreator()", "class_name": "MapParser", "package_name": "nl.tudelft.jpacman.level", "file_path": "/src/main/java/nl/tudelft/jpacman/level/MapParser.java"}, {"id": 198, "project_id": 1, "method_name": "getInterval", "method_decl": "long getInterval()", "class_name": "RandomGhost", "package_name": "nl.tudelft.jpacman.level", "file_path": "/src/main/java/nl/tudelft/jpacman/level/LevelFactory.java"}, {"id": 220, "project_id": 1, "method_name": "nextAiMove", "method_decl": "Optional<Direction> nextAiMove()", "class_name": "RandomGhost", "package_name": "nl.tudelft.jpacman.level", "file_path": "/src/main/java/nl/tudelft/jpacman/level/LevelFactory.java"}, {"id": 38, "project_id": 1, "method_name": "nextMove", "method_decl": "Direction nextMove()", "class_name": "RandomGhost", "package_name": "nl.tudelft.jpacman.level", "file_path": "/src/main/java/nl/tudelft/jpacman/level/LevelFactory.java"}, {"id": 158, "project_id": 1, "method_name": "createPellet", "method_decl": "Pellet createPellet()", "class_name": "LevelFactory", "package_name": "nl.tudelft.jpacman.level", "file_path": "/src/main/java/nl/tudelft/jpacman/level/LevelFactory.java"}, {"id": 110, "project_id": 1, "method_name": "createGhost", "method_decl": "NPC createGhost()", "class_name": "LevelFactory", "package_name": "nl.tudelft.jpacman.level", "file_path": "/src/main/java/nl/tudelft/jpacman/level/LevelFactory.java"}, {"id": 17, "project_id": 1, "method_name": "createLevel", "method_decl": "Level createLevel(Board, List<NPC>, List<Square>)", "class_name": "LevelFactory", "package_name": "nl.tudelft.jpacman.level", "file_path": "/src/main/java/nl/tudelft/jpacman/level/LevelFactory.java"}, {"id": 204, "project_id": 1, "method_name": "createLevel", "method_decl": "Level createLevel(Board, List<Ghost>, List<Square>)", "class_name": "LevelFactory", "package_name": "nl.tudelft.jpacman.level", "file_path": "/src/main/java/nl/tudelft/jpacman/level/LevelFactory.java"}, {"id": 223, "project_id": 1, "method_name": "createGhost", "method_decl": "Ghost createGhost()", "class_name": "LevelFactory", "package_name": "nl.tudelft.jpacman.level", "file_path": "/src/main/java/nl/tudelft/jpacman/level/LevelFactory.java"}, {"id": 1, "project_id": 1, "method_name": "run", "method_decl": "void run()", "class_name": "NpcMoveTask", "package_name": "nl.tudelft.jpacman.level", "file_path": "/src/main/java/nl/tudelft/jpacman/level/Level.java"}, {"id": 60, "project_id": 1, "method_name": "levelWon", "method_decl": "void levelWon()", "class_name": "LevelObserver", "package_name": "nl.tudelft.jpacman.level", "file_path": "/src/main/java/nl/tudelft/jpacman/level/Level.java"}, {"id": 141, "project_id": 1, "method_name": "levelLost", "method_decl": "void levelLost()", "class_name": "LevelObserver", "package_name": "nl.tudelft.jpacman.level", "file_path": "/src/main/java/nl/tudelft/jpacman/level/Level.java"}, {"id": 94, "project_id": 1, "method_name": "updateObservers", "method_decl": "void updateObservers()", "class_name": "Level", "package_name": "nl.tudelft.jpacman.level", "file_path": "/src/main/java/nl/tudelft/jpacman/level/Level.java"}, {"id": 162, "project_id": 1, "method_name": "stopNPCs", "method_decl": "void stopNPCs()", "class_name": "Level", "package_name": "nl.tudelft.jpacman.level", "file_path": "/src/main/java/nl/tudelft/jpacman/level/Level.java"}, {"id": 111, "project_id": 1, "method_name": "stop", "method_decl": "void stop()", "class_name": "Level", "package_name": "nl.tudelft.jpacman.level", "file_path": "/src/main/java/nl/tudelft/jpacman/level/Level.java"}, {"id": 192, "project_id": 1, "method_name": "startNPCs", "method_decl": "void startNPCs()", "class_name": "Level", "package_name": "nl.tudelft.jpacman.level", "file_path": "/src/main/java/nl/tudelft/jpacman/level/Level.java"}, {"id": 23, "project_id": 1, "method_name": "start", "method_decl": "void start()", "class_name": "Level", "package_name": "nl.tudelft.jpacman.level", "file_path": "/src/main/java/nl/tudelft/jpacman/level/Level.java"}, {"id": 89, "project_id": 1, "method_name": "removeObserver", "method_decl": "void removeObserver(LevelObserver)", "class_name": "Level", "package_name": "nl.tudelft.jpacman.level", "file_path": "/src/main/java/nl/tudelft/jpacman/level/Level.java"}, {"id": 10, "project_id": 1, "method_name": "registerPlayer", "method_decl": "void registerPlayer(Player)", "class_name": "Level", "package_name": "nl.tudelft.jpacman.level", "file_path": "/src/main/java/nl/tudelft/jpacman/level/Level.java"}, {"id": 40, "project_id": 1, "method_name": "move", "method_decl": "void move(Unit, Direction)", "class_name": "Level", "package_name": "nl.tudelft.jpacman.level", "file_path": "/src/main/java/nl/tudelft/jpacman/level/Level.java"}, {"id": 173, "project_id": 1, "method_name": "addObserver", "method_decl": "void addObserver(LevelObserver)", "class_name": "Level", "package_name": "nl.tudelft.jpacman.level", "file_path": "/src/main/java/nl/tudelft/jpacman/level/Level.java"}, {"id": 11, "project_id": 1, "method_name": "remainingPellets", "method_decl": "int remainingPellets()", "class_name": "Level", "package_name": "nl.tudelft.jpacman.level", "file_path": "/src/main/java/nl/tudelft/jpacman/level/Level.java"}, {"id": 19, "project_id": 1, "method_name": "isInProgress", "method_decl": "boolean isInProgress()", "class_name": "Level", "package_name": "nl.tudelft.jpacman.level", "file_path": "/src/main/java/nl/tudelft/jpacman/level/Level.java"}, {"id": 47, "project_id": 1, "method_name": "isAnyPlayerAlive", "method_decl": "boolean isAnyPlayerAlive()", "class_name": "Level", "package_name": "nl.tudelft.jpacman.level", "file_path": "/src/main/java/nl/tudelft/jpacman/level/Level.java"}, {"id": 97, "project_id": 1, "method_name": "getBoard", "method_decl": "Board getBoard()", "class_name": "Level", "package_name": "nl.tudelft.jpacman.level", "file_path": "/src/main/java/nl/tudelft/jpacman/level/Level.java"}, {"id": 181, "project_id": 1, "method_name": "handleCollision", "method_decl": "void handleCollision(Player, Pellet)", "class_name": "DefaultPlayerInteractionMap", "package_name": "nl.tudelft.jpacman.level", "file_path": "/src/main/java/nl/tudelft/jpacman/level/DefaultPlayerInteractionMap.java"}, {"id": 51, "project_id": 1, "method_name": "handleCollision", "method_decl": "void handleCollision(Player, Ghost)", "class_name": "DefaultPlayerInteractionMap", "package_name": "nl.tudelft.jpacman.level", "file_path": "/src/main/java/nl/tudelft/jpacman/level/DefaultPlayerInteractionMap.java"}, {"id": 56, "project_id": 1, "method_name": "collide", "method_decl": "void collide(Unit, Unit)", "class_name": "DefaultPlayerInteractionMap", "package_name": "nl.tudelft.jpacman.level", "file_path": "/src/main/java/nl/tudelft/jpacman/level/DefaultPlayerInteractionMap.java"}, {"id": 165, "project_id": 1, "method_name": "defaultCollisions", "method_decl": "CollisionInteractionMap defaultCollisions()", "class_name": "DefaultPlayerInteractionMap", "package_name": "nl.tudelft.jpacman.level", "file_path": "/src/main/java/nl/tudelft/jpacman/level/DefaultPlayerInteractionMap.java"}, {"id": 79, "project_id": 1, "method_name": "collide", "method_decl": "void collide(C1, C2)", "class_name": "CollisionMap", "package_name": "nl.tudelft.jpacman.level", "file_path": "/src/main/java/nl/tudelft/jpacman/level/CollisionMap.java"}, {"id": 29, "project_id": 1, "method_name": "handleCollision", "method_decl": "void handleCollision(C1, C2)", "class_name": "InverseCollisionHandler", "package_name": "nl.tudelft.jpacman.level", "file_path": "/src/main/java/nl/tudelft/jpacman/level/CollisionInteractionMap.java"}, {"id": 73, "project_id": 1, "method_name": "onCollision", "method_decl": "void onCollision(Class<C1>, Class<C2>, boolean, CollisionHandler<C1, C2>)", "class_name": "CollisionInteractionMap", "package_name": "nl.tudelft.jpacman.level", "file_path": "/src/main/java/nl/tudelft/jpacman/level/CollisionInteractionMap.java"}, {"id": 184, "project_id": 1, "method_name": "onCollision", "method_decl": "void onCollision(Class<C1>, Class<C2>, CollisionHandler<C1, C2>)", "class_name": "CollisionInteractionMap", "package_name": "nl.tudelft.jpacman.level", "file_path": "/src/main/java/nl/tudelft/jpacman/level/CollisionInteractionMap.java"}, {"id": 41, "project_id": 1, "method_name": "collide", "method_decl": "void collide(C1, C2)", "class_name": "CollisionInteractionMap", "package_name": "nl.tudelft.jpacman.level", "file_path": "/src/main/java/nl/tudelft/jpacman/level/CollisionInteractionMap.java"}, {"id": 42, "project_id": 1, "method_name": "addHandler", "method_decl": "void addHandler(Class<? extends Unit>, Class<? extends Unit>, CollisionHandler<?, ?>)", "class_name": "CollisionInteractionMap", "package_name": "nl.tudelft.jpacman.level", "file_path": "/src/main/java/nl/tudelft/jpacman/level/CollisionInteractionMap.java"}, {"id": 91, "project_id": 1, "method_name": "getInheritance", "method_decl": "List<Class<? extends Unit>> getInheritance(Class<? extends Unit>)", "class_name": "CollisionInteractionMap", "package_name": "nl.tudelft.jpacman.level", "file_path": "/src/main/java/nl/tudelft/jpacman/level/CollisionInteractionMap.java"}, {"id": 67, "project_id": 1, "method_name": "getMostSpecificClass", "method_decl": "Class<? extends Unit> getMostSpecificClass(Map<Class<? extends Unit>, ?>, Class<? extends Unit>)", "class_name": "CollisionInteractionMap", "package_name": "nl.tudelft.jpacman.level", "file_path": "/src/main/java/nl/tudelft/jpacman/level/CollisionInteractionMap.java"}, {"id": 135, "project_id": 1, "method_name": "handleCollision", "method_decl": "void handleCollision(C1, C2)", "class_name": "CollisionHandler", "package_name": "nl.tudelft.jpacman.level", "file_path": "/src/main/java/nl/tudelft/jpacman/level/CollisionInteractionMap.java"}, {"id": 201, "project_id": 1, "method_name": "moveUp", "method_decl": "void moveUp()", "class_name": "SinglePlayerGame", "package_name": "nl.tudelft.jpacman.game", "file_path": "/src/main/java/nl/tudelft/jpacman/game/SinglePlayerGame.java"}, {"id": 195, "project_id": 1, "method_name": "moveRight", "method_decl": "void moveRight()", "class_name": "SinglePlayerGame", "package_name": "nl.tudelft.jpacman.game", "file_path": "/src/main/java/nl/tudelft/jpacman/game/SinglePlayerGame.java"}, {"id": 194, "project_id": 1, "method_name": "moveLeft", "method_decl": "void moveLeft()", "class_name": "SinglePlayerGame", "package_name": "nl.tudelft.jpacman.game", "file_path": "/src/main/java/nl/tudelft/jpacman/game/SinglePlayerGame.java"}, {"id": 193, "project_id": 1, "method_name": "moveDown", "method_decl": "void moveDown()", "class_name": "SinglePlayerGame", "package_name": "nl.tudelft.jpacman.game", "file_path": "/src/main/java/nl/tudelft/jpacman/game/SinglePlayerGame.java"}, {"id": 75, "project_id": 1, "method_name": "getPlayers", "method_decl": "List<Player> getPlayers()", "class_name": "SinglePlayerGame", "package_name": "nl.tudelft.jpacman.game", "file_path": "/src/main/java/nl/tudelft/jpacman/game/SinglePlayerGame.java"}, {"id": 31, "project_id": 1, "method_name": "getLevel", "method_decl": "Level getLevel()", "class_name": "SinglePlayerGame", "package_name": "nl.tudelft.jpacman.game", "file_path": "/src/main/java/nl/tudelft/jpacman/game/SinglePlayerGame.java"}, {"id": 70, "project_id": 1, "method_name": "getPlayerFactory", "method_decl": "PlayerFactory getPlayerFactory()", "class_name": "GameFactory", "package_name": "nl.tudelft.jpacman.game", "file_path": "/src/main/java/nl/tudelft/jpacman/game/GameFactory.java"}, {"id": 168, "project_id": 1, "method_name": "createSinglePlayerGame", "method_decl": "Game createSinglePlayerGame(Level)", "class_name": "GameFactory", "package_name": "nl.tudelft.jpacman.game", "file_path": "/src/main/java/nl/tudelft/jpacman/game/GameFactory.java"}, {"id": 109, "project_id": 1, "method_name": "stop", "method_decl": "void stop()", "class_name": "Game", "package_name": "nl.tudelft.jpacman.game", "file_path": "/src/main/java/nl/tudelft/jpacman/game/Game.java"}, {"id": 21, "project_id": 1, "method_name": "start", "method_decl": "void start()", "class_name": "Game", "package_name": "nl.tudelft.jpacman.game", "file_path": "/src/main/java/nl/tudelft/jpacman/game/Game.java"}, {"id": 12, "project_id": 1, "method_name": "move", "method_decl": "void move(Player, Direction)", "class_name": "Game", "package_name": "nl.tudelft.jpacman.game", "file_path": "/src/main/java/nl/tudelft/jpacman/game/Game.java"}, {"id": 163, "project_id": 1, "method_name": "levelWon", "method_decl": "void levelWon()", "class_name": "Game", "package_name": "nl.tudelft.jpacman.game", "file_path": "/src/main/java/nl/tudelft/jpacman/game/Game.java"}, {"id": 148, "project_id": 1, "method_name": "levelLost", "method_decl": "void levelLost()", "class_name": "Game", "package_name": "nl.tudelft.jpacman.game", "file_path": "/src/main/java/nl/tudelft/jpacman/game/Game.java"}, {"id": 18, "project_id": 1, "method_name": "isInProgress", "method_decl": "boolean isInProgress()", "class_name": "Game", "package_name": "nl.tudelft.jpacman.game", "file_path": "/src/main/java/nl/tudelft/jpacman/game/Game.java"}, {"id": 80, "project_id": 1, "method_name": "getPlayers", "method_decl": "List<Player> getPlayers()", "class_name": "Game", "package_name": "nl.tudelft.jpacman.game", "file_path": "/src/main/java/nl/tudelft/jpacman/game/Game.java"}, {"id": 174, "project_id": 1, "method_name": "getLevel", "method_decl": "Level getLevel()", "class_name": "Game", "package_name": "nl.tudelft.jpacman.game", "file_path": "/src/main/java/nl/tudelft/jpacman/game/Game.java"}, {"id": 137, "project_id": 1, "method_name": "setDirection", "method_decl": "void setDirection(Direction)", "class_name": "Unit", "package_name": "nl.tudelft.jpacman.board", "file_path": "/src/main/java/nl/tudelft/jpacman/board/Unit.java"}, {"id": 108, "project_id": 1, "method_name": "occupy", "method_decl": "void occupy(Square)", "class_name": "Unit", "package_name": "nl.tudelft.jpacman.board", "file_path": "/src/main/java/nl/tudelft/jpacman/board/Unit.java"}, {"id": 175, "project_id": 1, "method_name": "leaveSquare", "method_decl": "void leaveSquare()", "class_name": "Unit", "package_name": "nl.tudelft.jpacman.board", "file_path": "/src/main/java/nl/tudelft/jpacman/board/Unit.java"}, {"id": 49, "project_id": 1, "method_name": "invariant", "method_decl": "boolean invariant()", "class_name": "Unit", "package_name": "nl.tudelft.jpacman.board", "file_path": "/src/main/java/nl/tudelft/jpacman/board/Unit.java"}, {"id": 211, "project_id": 1, "method_name": "hasSquare", "method_decl": "boolean hasSquare()", "class_name": "Unit", "package_name": "nl.tudelft.jpacman.board", "file_path": "/src/main/java/nl/tudelft/jpacman/board/Unit.java"}, {"id": 217, "project_id": 1, "method_name": "squaresAheadOf", "method_decl": "Square squaresAheadOf(int)", "class_name": "Unit", "package_name": "nl.tudelft.jpacman.board", "file_path": "/src/main/java/nl/tudelft/jpacman/board/Unit.java"}, {"id": 46, "project_id": 1, "method_name": "getSquare", "method_decl": "Square getSquare()", "class_name": "Unit", "package_name": "nl.tudelft.jpacman.board", "file_path": "/src/main/java/nl/tudelft/jpacman/board/Unit.java"}, {"id": 130, "project_id": 1, "method_name": "getSprite", "method_decl": "Sprite getSprite()", "class_name": "Unit", "package_name": "nl.tudelft.jpacman.board", "file_path": "/src/main/java/nl/tudelft/jpacman/board/Unit.java"}, {"id": 90, "project_id": 1, "method_name": "getDirection", "method_decl": "Direction getDirection()", "class_name": "Unit", "package_name": "nl.tudelft.jpacman.board", "file_path": "/src/main/java/nl/tudelft/jpacman/board/Unit.java"}, {"id": 26, "project_id": 1, "method_name": "remove", "method_decl": "void remove(Unit)", "class_name": "Square", "package_name": "nl.tudelft.jpacman.board", "file_path": "/src/main/java/nl/tudelft/jpacman/board/Square.java"}, {"id": 54, "project_id": 1, "method_name": "put", "method_decl": "void put(Unit)", "class_name": "Square", "package_name": "nl.tudelft.jpacman.board", "file_path": "/src/main/java/nl/tudelft/jpacman/board/Square.java"}, {"id": 150, "project_id": 1, "method_name": "link", "method_decl": "void link(Square, Direction)", "class_name": "Square", "package_name": "nl.tudelft.jpacman.board", "file_path": "/src/main/java/nl/tudelft/jpacman/board/Square.java"}, {"id": 199, "project_id": 1, "method_name": "put", "method_decl": "boolean put(Unit)", "class_name": "Square", "package_name": "nl.tudelft.jpacman.board", "file_path": "/src/main/java/nl/tudelft/jpacman/board/Square.java"}, {"id": 191, "project_id": 1, "method_name": "isAccessibleTo", "method_decl": "boolean isAccessibleTo(Unit)", "class_name": "Square", "package_name": "nl.tudelft.jpacman.board", "file_path": "/src/main/java/nl/tudelft/jpacman/board/Square.java"}, {"id": 86, "project_id": 1, "method_name": "invariant", "method_decl": "boolean invariant()", "class_name": "Square", "package_name": "nl.tudelft.jpacman.board", "file_path": "/src/main/java/nl/tudelft/jpacman/board/Square.java"}, {"id": 131, "project_id": 1, "method_name": "getSquareAt", "method_decl": "Square getSquareAt(Direction)", "class_name": "Square", "package_name": "nl.tudelft.jpacman.board", "file_path": "/src/main/java/nl/tudelft/jpacman/board/Square.java"}, {"id": 167, "project_id": 1, "method_name": "getSprite", "method_decl": "Sprite getSprite()", "class_name": "Square", "package_name": "nl.tudelft.jpacman.board", "file_path": "/src/main/java/nl/tudelft/jpacman/board/Square.java"}, {"id": 39, "project_id": 1, "method_name": "getOccupants", "method_decl": "List<Unit> getOccupants()", "class_name": "Square", "package_name": "nl.tudelft.jpacman.board", "file_path": "/src/main/java/nl/tudelft/jpacman/board/Square.java"}, {"id": 142, "project_id": 1, "method_name": "getDeltaY", "method_decl": "int getDeltaY()", "class_name": "Direction", "package_name": "nl.tudelft.jpacman.board", "file_path": "/src/main/java/nl/tudelft/jpacman/board/Direction.java"}, {"id": 88, "project_id": 1, "method_name": "getDeltaX", "method_decl": "int getDeltaX()", "class_name": "Direction", "package_name": "nl.tudelft.jpacman.board", "file_path": "/src/main/java/nl/tudelft/jpacman/board/Direction.java"}, {"id": 82, "project_id": 1, "method_name": "isAccessibleTo", "method_decl": "boolean isAccessibleTo(Unit)", "class_name": "Wall", "package_name": "nl.tudelft.jpacman.board", "file_path": "/src/main/java/nl/tudelft/jpacman/board/BoardFactory.java"}, {"id": 84, "project_id": 1, "method_name": "getSprite", "method_decl": "Sprite getSprite()", "class_name": "Wall", "package_name": "nl.tudelft.jpacman.board", "file_path": "/src/main/java/nl/tudelft/jpacman/board/BoardFactory.java"}, {"id": 30, "project_id": 1, "method_name": "isAccessibleTo", "method_decl": "boolean isAccessibleTo(Unit)", "class_name": "Ground", "package_name": "nl.tudelft.jpacman.board", "file_path": "/src/main/java/nl/tudelft/jpacman/board/BoardFactory.java"}, {"id": 129, "project_id": 1, "method_name": "getSprite", "method_decl": "Sprite getSprite()", "class_name": "Ground", "package_name": "nl.tudelft.jpacman.board", "file_path": "/src/main/java/nl/tudelft/jpacman/board/BoardFactory.java"}, {"id": 113, "project_id": 1, "method_name": "createWall", "method_decl": "Square createWall()", "class_name": "BoardFactory", "package_name": "nl.tudelft.jpacman.board", "file_path": "/src/main/java/nl/tudelft/jpacman/board/BoardFactory.java"}, {"id": 87, "project_id": 1, "method_name": "createGround", "method_decl": "Square createGround()", "class_name": "BoardFactory", "package_name": "nl.tudelft.jpacman.board", "file_path": "/src/main/java/nl/tudelft/jpacman/board/BoardFactory.java"}, {"id": 182, "project_id": 1, "method_name": "createBoard", "method_decl": "Board createBoard(Square[][])", "class_name": "BoardFactory", "package_name": "nl.tudelft.jpacman.board", "file_path": "/src/main/java/nl/tudelft/jpacman/board/BoardFactory.java"}, {"id": 154, "project_id": 1, "method_name": "getWidth", "method_decl": "int getWidth()", "class_name": "Board", "package_name": "nl.tudelft.jpacman.board", "file_path": "/src/main/java/nl/tudelft/jpacman/board/Board.java"}, {"id": 53, "project_id": 1, "method_name": "getHeight", "method_decl": "int getHeight()", "class_name": "Board", "package_name": "nl.tudelft.jpacman.board", "file_path": "/src/main/java/nl/tudelft/jpacman/board/Board.java"}, {"id": 69, "project_id": 1, "method_name": "withinBorders", "method_decl": "boolean withinBorders(int, int)", "class_name": "Board", "package_name": "nl.tudelft.jpacman.board", "file_path": "/src/main/java/nl/tudelft/jpacman/board/Board.java"}, {"id": 50, "project_id": 1, "method_name": "invariant", "method_decl": "boolean invariant()", "class_name": "Board", "package_name": "nl.tudelft.jpacman.board", "file_path": "/src/main/java/nl/tudelft/jpacman/board/Board.java"}, {"id": 149, "project_id": 1, "method_name": "squareAt", "method_decl": "Square squareAt(int, int)", "class_name": "Board", "package_name": "nl.tudelft.jpacman.board", "file_path": "/src/main/java/nl/tudelft/jpacman/board/Board.java"}, {"id": 106, "project_id": 1, "method_name": "main", "method_decl": "void main(String[])", "class_name": "Launcher", "package_name": "nl.tudelft.jpacman", "file_path": "/src/main/java/nl/tudelft/jpacman/Launcher.java"}, {"id": 25, "project_id": 1, "method_name": "launch", "method_decl": "void launch()", "class_name": "Launcher", "package_name": "nl.tudelft.jpacman", "file_path": "/src/main/java/nl/tudelft/jpacman/Launcher.java"}, {"id": 124, "project_id": 1, "method_name": "doAction", "method_decl": "void doAction()", "class_name": "Launcher", "package_name": "nl.tudelft.jpacman", "file_path": "/src/main/java/nl/tudelft/jpacman/Launcher.java"}, {"id": 95, "project_id": 1, "method_name": "dispose", "method_decl": "void dispose()", "class_name": "Launcher", "package_name": "nl.tudelft.jpacman", "file_path": "/src/main/java/nl/tudelft/jpacman/Launcher.java"}, {"id": 99, "project_id": 1, "method_name": "addSinglePlayerKeys", "method_decl": "void addSinglePlayerKeys(PacManUiBuilder, Game)", "class_name": "Launcher", "package_name": "nl.tudelft.jpacman", "file_path": "/src/main/java/nl/tudelft/jpacman/Launcher.java"}, {"id": 215, "project_id": 1, "method_name": "addSinglePlayerKeys", "method_decl": "void addSinglePlayerKeys(PacManUiBuilder)", "class_name": "Launcher", "package_name": "nl.tudelft.jpacman", "file_path": "/src/main/java/nl/tudelft/jpacman/Launcher.java"}, {"id": 62, "project_id": 1, "method_name": "getLevelMap", "method_decl": "String getLevelMap()", "class_name": "Launcher", "package_name": "nl.tudelft.jpacman", "file_path": "/src/main/java/nl/tudelft/jpacman/Launcher.java"}, {"id": 125, "project_id": 1, "method_name": "getPlayerFactory", "method_decl": "PlayerFactory getPlayerFactory()", "class_name": "Launcher", "package_name": "nl.tudelft.jpacman", "file_path": "/src/main/java/nl/tudelft/jpacman/Launcher.java"}, {"id": 6, "project_id": 1, "method_name": "getSinglePlayer", "method_decl": "Player getSinglePlayer(Game)", "class_name": "Launcher", "package_name": "nl.tudelft.jpacman", "file_path": "/src/main/java/nl/tudelft/jpacman/Launcher.java"}, {"id": 81, "project_id": 1, "method_name": "getSpriteStore", "method_decl": "PacManSprites getSpriteStore()", "class_name": "Launcher", "package_name": "nl.tudelft.jpacman", "file_path": "/src/main/java/nl/tudelft/jpacman/Launcher.java"}, {"id": 170, "project_id": 1, "method_name": "getMapParser", "method_decl": "MapParser getMapParser()", "class_name": "Launcher", "package_name": "nl.tudelft.jpacman", "file_path": "/src/main/java/nl/tudelft/jpacman/Launcher.java"}, {"id": 43, "project_id": 1, "method_name": "getLevelFactory", "method_decl": "LevelFactory getLevelFactory()", "class_name": "Launcher", "package_name": "nl.tudelft.jpacman", "file_path": "/src/main/java/nl/tudelft/jpacman/Launcher.java"}, {"id": 104, "project_id": 1, "method_name": "makeLevel", "method_decl": "Level makeLevel()", "class_name": "Launcher", "package_name": "nl.tudelft.jpacman", "file_path": "/src/main/java/nl/tudelft/jpacman/Launcher.java"}, {"id": 93, "project_id": 1, "method_name": "withMapFile", "method_decl": "Launcher withMapFile(String)", "class_name": "Launcher", "package_name": "nl.tudelft.jpacman", "file_path": "/src/main/java/nl/tudelft/jpacman/Launcher.java"}, {"id": 161, "project_id": 1, "method_name": "getGhostFactory", "method_decl": "GhostFactory getGhostFactory()", "class_name": "Launcher", "package_name": "nl.tudelft.jpacman", "file_path": "/src/main/java/nl/tudelft/jpacman/Launcher.java"}, {"id": 102, "project_id": 1, "method_name": "getGameFactory", "method_decl": "GameFactory getGameFactory()", "class_name": "Launcher", "package_name": "nl.tudelft.jpacman", "file_path": "/src/main/java/nl/tudelft/jpacman/Launcher.java"}, {"id": 120, "project_id": 1, "method_name": "makeGame", "method_decl": "Game makeGame()", "class_name": "Launcher", "package_name": "nl.tudelft.jpacman", "file_path": "/src/main/java/nl/tudelft/jpacman/Launcher.java"}, {"id": 63, "project_id": 1, "method_name": "getGame", "method_decl": "Game getGame()", "class_name": "Launcher", "package_name": "nl.tudelft.jpacman", "file_path": "/src/main/java/nl/tudelft/jpacman/Launcher.java"}, {"id": 59, "project_id": 1, "method_name": "getBoardFactory", "method_decl": "BoardFactory getBoardFactory()", "class_name": "Launcher", "package_name": "nl.tudelft.jpacman", "file_path": "/src/main/java/nl/tudelft/jpacman/Launcher.java"}, {"id": 58, "project_id": 1, "method_name": "moveTowardsDirection", "method_decl": "Action moveTowardsDirection(Game, Player, Direction)", "class_name": "Launcher", "package_name": "nl.tudelft.jpacman", "file_path": "/src/main/java/nl/tudelft/jpacman/Launcher.java"}, {"id": 222, "project_id": 1, "method_name": "moveTowardsDirection", "method_decl": "Action moveTowardsDirection(Direction)", "class_name": "Launcher", "package_name": "nl.tudelft.jpacman", "file_path": "/src/main/java/nl/tudelft/jpacman/Launcher.java"}]}